address	size	symbol	evidence
0x464800	9	_ZTv0_n24_N7harvest3gfx14CScatterShaderD1Ev	slot _ZTVN7harvest3gfx14CScatterShaderE+0x48; jmp _ZN7harvest3gfx14CScatterShaderD1Ev
0x4649b0	9	_ZTv0_n24_N7harvest3gfx14CScatterShaderD0Ev	slot _ZTVN7harvest3gfx14CScatterShaderE+0x50; jmp _ZN7harvest3gfx14CScatterShaderD0Ev
0x466880	9	_ZTv0_n24_N2ox5video26IShaderConstantSetCallBackD1Ev	slot _ZTCN7harvest3gfx14CScatterShaderE0_N2ox5video26IShaderConstantSetCallBackE+0x48; jmp _ZN2ox5video26IShaderConstantSetCallBackD1Ev
0x4668a0	9	_ZTv0_n24_N2ox5video26IShaderConstantSetCallBackD0Ev	slot _ZTCN7harvest3gfx14CScatterShaderE0_N2ox5video26IShaderConstantSetCallBackE+0x50; jmp _ZN2ox5video26IShaderConstantSetCallBackD0Ev
0x49f9e0	6	_ZThn72_N7harvest6states10CPlayState17playParticleSoundEPKcRKN2ox4core9CVector3dIfEE	slot _ZTVN7harvest6states10CPlayStateE+0x88; jmp _ZN7harvest6states10CPlayState17playParticleSoundEPKcRKN2ox4core9CVector3dIfEE
0x4a0810	6	_ZThn72_N7harvest6states10CPlayState17addParticleEntityEPN2ox5video14IParticleStateERKNS2_4core9CVector3dIfEE	slot _ZTVN7harvest6states10CPlayStateE+0x78; jmp _ZN7harvest6states10CPlayState17addParticleEntityEPN2ox5video14IParticleStateERKNS2_4core9CVector3dIfEE
0x4b7430	6	_ZThn72_N7harvest6states10CPlayState19getOnDieMarkerAtPosERKN2ox4core9CVector3dIfEE	slot _ZTVN7harvest6states10CPlayStateE+0x80; jmp _ZN7harvest6states10CPlayState19getOnDieMarkerAtPosERKN2ox4core9CVector3dIfEE
0x4b75b0	6	_ZThn72_NK7harvest6states17CShuttleRaceState13getDoodadSeedEv	slot _ZTVN7harvest6states17CShuttleRaceStateE+0x98; jmp _ZNK7harvest6states17CShuttleRaceState13getDoodadSeedEv
0x4b7740	6	_ZThn80_N7harvest6states17CShuttleRaceState17playParticleSoundEPKcRKN2ox4core9CVector3dIfEE	slot _ZTVN7harvest6states17CShuttleRaceStateE+0xc8; jmp _ZN7harvest6states17CShuttleRaceState17playParticleSoundEPKcRKN2ox4core9CVector3dIfEE
0x4b78e0	6	_ZThn80_N7harvest6states17CShuttleRaceState17addParticleEntityEPN2ox5video14IParticleStateERKNS2_4core9CVector3dIfEE	slot _ZTVN7harvest6states17CShuttleRaceStateE+0xb8; jmp _ZN7harvest6states17CShuttleRaceState17addParticleEntityEPN2ox5video14IParticleStateERKNS2_4core9CVector3dIfEE
0x4b7ad0	6	_ZThn72_N7harvest6states17CShuttleRaceState22applyInitialExpansionsEPNS_4game6CWorldE	slot _ZTVN7harvest6states17CShuttleRaceStateE+0xa0; jmp _ZN7harvest6states17CShuttleRaceState22applyInitialExpansionsEPNS_4game6CWorldE
0x4b8f00	6	_ZThn72_N7harvest6states17CShuttleRaceStateD0Ev	slot _ZTVN7harvest6states17CShuttleRaceStateE+0x90; jmp _ZN7harvest6states17CShuttleRaceStateD0Ev
0x4b9070	6	_ZThn72_N7harvest6states17CShuttleRaceStateD1Ev	slot _ZTVN7harvest6states17CShuttleRaceStateE+0x88; jmp _ZN7harvest6states17CShuttleRaceStateD1Ev
0x4baca0	6	_ZThn80_N7harvest6states17CShuttleRaceState19getOnDieMarkerAtPosERKN2ox4core9CVector3dIfEE	slot _ZTVN7harvest6states17CShuttleRaceStateE+0xc0; jmp _ZN7harvest6states17CShuttleRaceState19getOnDieMarkerAtPosERKN2ox4core9CVector3dIfEE
0x4bacd0	9	_ZThn288_N5daisy15CIrrDeviceLinux7presentEPN2ox5video6IImageE	slot _ZTVN5daisy15CIrrDeviceLinuxE+0x1b8; jmp _ZN5daisy15CIrrDeviceLinux7presentEPN2ox5video6IImageE
0x4bad00	9	_ZThn296_N5daisy15CIrrDeviceLinux9isVisibleEv	slot _ZTVN5daisy15CIrrDeviceLinuxE+0x1e8; jmp _ZN5daisy15CIrrDeviceLinux9isVisibleEv
0x4bad50	9	_ZThn296_N5daisy15CIrrDeviceLinux11setPositionEii	slot _ZTVN5daisy15CIrrDeviceLinuxE+0x208; jmp _ZN5daisy15CIrrDeviceLinux11setPositionEii
0x4bad90	9	_ZThn296_N5daisy15CIrrDeviceLinux10setVisibleEb	slot _ZTVN5daisy15CIrrDeviceLinuxE+0x1e0; jmp _ZN5daisy15CIrrDeviceLinux10setVisibleEb
0x4bca90	9	_ZThn296_N5daisy15CIrrDeviceLinuxD0Ev	slot _ZTVN5daisy15CIrrDeviceLinuxE+0x1d8; jmp _ZN5daisy15CIrrDeviceLinuxD0Ev
0x4bcb60	9	_ZThn296_N5daisy15CIrrDeviceLinuxD1Ev	slot _ZTVN5daisy15CIrrDeviceLinuxE+0x1d0; jmp _ZN5daisy15CIrrDeviceLinuxD1Ev
0x4bcf70	9	_ZThn296_N5daisy15CIrrDeviceLinux11setPositionERKN2ox4core11CPosition2dIfEE	slot _ZTVN5daisy15CIrrDeviceLinuxE+0x1f0; jmp _ZN5daisy15CIrrDeviceLinux11setPositionERKN2ox4core11CPosition2dIfEE
0x4bcfa0	9	_ZThn296_N5daisy15CIrrDeviceLinux11setPositionEff	slot _ZTVN5daisy15CIrrDeviceLinuxE+0x1f8; jmp _ZN5daisy15CIrrDeviceLinux11setPositionEff
0x4bcfe0	9	_ZThn296_N5daisy15CIrrDeviceLinux11setPositionERKN2ox4core11CPosition2dIiEE	slot _ZTVN5daisy15CIrrDeviceLinuxE+0x200; jmp _ZN5daisy15CIrrDeviceLinux11setPositionERKN2ox4core11CPosition2dIiEE
0x4bd010	9	_ZThn296_N5daisy15CIrrDeviceLinux11getPositionEv	slot _ZTVN5daisy15CIrrDeviceLinuxE+0x210; jmp _ZN5daisy15CIrrDeviceLinux11getPositionEv
0x4bd040	9	_ZThn296_N5daisy15CIrrDeviceLinux19getRelativePositionEv	slot _ZTVN5daisy15CIrrDeviceLinuxE+0x218; jmp _ZN5daisy15CIrrDeviceLinux19getRelativePositionEv
0x4bd070	9	_ZThn296_N5daisy15CIrrDeviceLinux14getButtonStateEi	slot _ZTVN5daisy15CIrrDeviceLinuxE+0x220; jmp _ZN5daisy15CIrrDeviceLinux14getButtonStateEi
0x4bf830	6	_ZThn8_N5daisy6ITimerD1Ev	slot _ZTVN5daisy6ITimerE+0x40; jmp _ZN5daisy6ITimerD1Ev
0x4bf860	6	_ZThn8_N5daisy6CTimerD1Ev	slot _ZTVN5daisy6CTimerE+0x40; jmp _ZN5daisy6CTimerD1Ev
0x4bf8b0	6	_ZThn8_N5daisy6ITimerD0Ev	slot _ZTVN5daisy6ITimerE+0x48; jmp _ZN5daisy6ITimerD0Ev
0x4bf8e0	6	_ZThn8_N5daisy6CTimerD0Ev	slot _ZTVN5daisy6CTimerE+0x48; jmp _ZN5daisy6CTimerD0Ev
0x4c22c0	6	_ZThn24_N5daisy5scene13CSceneManager6renderEv	slot _ZTVN5daisy5scene13CSceneManagerE+0x1e8; jmp _ZN5daisy5scene13CSceneManager6renderEv
0x4c22e0	6	_ZThn24_NK5daisy5scene13CSceneManager14getBoundingBoxEv	slot _ZTVN5daisy5scene13CSceneManagerE+0x200; jmp _ZNK5daisy5scene13CSceneManager14getBoundingBoxEv
0x4c3390	6	_ZThn24_N5daisy5scene13CSceneManager9removeAllEv	slot _ZTVN5daisy5scene13CSceneManagerE+0x240; jmp _ZN5daisy5scene13CSceneManager9removeAllEv
0x4c5770	6	_ZThn24_N5daisy5scene13CSceneManagerD0Ev	slot _ZTVN5daisy5scene13CSceneManagerE+0x1d0; jmp _ZN5daisy5scene13CSceneManagerD0Ev
0x4c5bf0	6	_ZThn24_N5daisy5scene13CSceneManagerD1Ev	slot _ZTVN5daisy5scene13CSceneManagerE+0x1c8; jmp _ZN5daisy5scene13CSceneManagerD1Ev
0x4dff40	6	_ZThn32_N5daisy5video10CVideoNull19captureScreenBufferEj	slot _ZTVN5daisy5video10CVideoNullE+0x410; jmp _ZN5daisy5video10CVideoNull19captureScreenBufferEj
0x4dff90	6	_ZThn32_N5daisy5video10CVideoNull17getCapturedBufferEj	slot _ZTVN5daisy5video10CVideoNullE+0x420; jmp _ZN5daisy5video10CVideoNull17getCapturedBufferEj
0x4dffc0	6	_ZThn32_N5daisy5video10CVideoNull11runPPShaderEi	slot _ZTVN5daisy5video10CVideoNullE+0x428; jmp _ZN5daisy5video10CVideoNull11runPPShaderEi
0x4e0020	6	_ZThn32_N5daisy5video10CVideoNull11runPPShaderEiRN2ox4core5CRectIiEEPS5_S7_j	slot _ZTVN5daisy5video10CVideoNullE+0x430; jmp _ZN5daisy5video10CVideoNull11runPPShaderEiRN2ox4core5CRectIiEEPS5_S7_j
0x4e0270	6	_ZThn32_N5daisy5video10CVideoNull19captureScreenBufferEjRKN2ox4core5CRectIiEE	slot _ZTVN5daisy5video10CVideoNullE+0x418; jmp _ZN5daisy5video10CVideoNull19captureScreenBufferEjRKN2ox4core5CRectIiEE
0x4e02a0	6	_ZThn24_N5daisy5video10CVideoNull19addCgShaderMaterialEPKcS3_S3_S3_PN2ox5video26IShaderConstantSetCallBackENS5_15E_MATERIAL_TYPEEbi	slot _ZTVN5daisy5video10CVideoNullE+0x3d8; jmp _ZN5daisy5video10CVideoNull19addCgShaderMaterialEPKcS3_S3_S3_PN2ox5video26IShaderConstantSetCallBackENS5_15E_MATERIAL_TYPEEbi
0x4e02f0	6	_ZThn24_N5daisy5video10CVideoNull28addCgShaderMaterialFromFilesEPN2ox2io9IReadFileEPKcS5_S7_PNS2_5video26IShaderConstantSetCallBackENS8_15E_MATERIAL_TYPEEbi	slot _ZTVN5daisy5video10CVideoNullE+0x3e8; jmp _ZN5daisy5video10CVideoNull28addCgShaderMaterialFromFilesEPN2ox2io9IReadFileEPKcS5_S7_PNS2_5video26IShaderConstantSetCallBackENS8_15E_MATERIAL_TYPEEbi
0x4e0480	6	_ZThn24_N5daisy5video10CVideoNull26addShaderMaterialFromFilesEPN2ox2io9IReadFileES5_PNS2_5video26IShaderConstantSetCallBackENS6_15E_MATERIAL_TYPEEi	slot _ZTVN5daisy5video10CVideoNullE+0x3c8; jmp _ZN5daisy5video10CVideoNull26addShaderMaterialFromFilesEPN2ox2io9IReadFileES5_PNS2_5video26IShaderConstantSetCallBackENS6_15E_MATERIAL_TYPEEi
0x4e05d0	6	_ZThn24_N5daisy5video10CVideoNull35addHighLevelShaderMaterialFromFilesEPN2ox2io9IReadFileEPKcNS2_5video20E_VERTEX_SHADER_TYPEES5_S7_NS8_19E_PIXEL_SHADER_TYPEEPNS8_26IShaderConstantSetCallBackENS8_15E_MATERIAL_TYPEEi	slot _ZTVN5daisy5video10CVideoNullE+0x3b8; jmp _ZN5daisy5video10CVideoNull35addHighLevelShaderMaterialFromFilesEPN2ox2io9IReadFileEPKcNS2_5video20E_VERTEX_SHADER_TYPEES5_S7_NS8_19E_PIXEL_SHADER_TYPEEPNS8_26IShaderConstantSetCallBackENS8_15E_MATERIAL_TYPEEi
0x4e0750	6	_ZThn24_N5daisy5video10CVideoNull17addShaderMaterialEPKcS3_PN2ox5video26IShaderConstantSetCallBackENS5_15E_MATERIAL_TYPEEi	slot _ZTVN5daisy5video10CVideoNullE+0x3c0; jmp _ZN5daisy5video10CVideoNull17addShaderMaterialEPKcS3_PN2ox5video26IShaderConstantSetCallBackENS5_15E_MATERIAL_TYPEEi
0x4e0780	6	_ZThn24_N5daisy5video10CVideoNull26addHighLevelShaderMaterialEPKcS3_N2ox5video20E_VERTEX_SHADER_TYPEES3_S3_NS5_19E_PIXEL_SHADER_TYPEEPNS5_26IShaderConstantSetCallBackENS5_15E_MATERIAL_TYPEEi	slot _ZTVN5daisy5video10CVideoNullE+0x3a8; jmp _ZN5daisy5video10CVideoNull26addHighLevelShaderMaterialEPKcS3_N2ox5video20E_VERTEX_SHADER_TYPEES3_S3_NS5_19E_PIXEL_SHADER_TYPEEPNS5_26IShaderConstantSetCallBackENS5_15E_MATERIAL_TYPEEi
0x4e1340	6	_ZThn32_N5daisy5video10CVideoNull14freePPSurfacesEv	slot _ZTVN5daisy5video10CVideoNullE+0x408; jmp _ZN5daisy5video10CVideoNull14freePPSurfacesEv
0x4e1560	6	_ZThn24_N5daisy5video10CVideoNull26addShaderMaterialFromFilesEPKcS3_PN2ox5video26IShaderConstantSetCallBackENS5_15E_MATERIAL_TYPEEi	slot _ZTVN5daisy5video10CVideoNullE+0x3d0; jmp _ZN5daisy5video10CVideoNull26addShaderMaterialFromFilesEPKcS3_PN2ox5video26IShaderConstantSetCallBackENS5_15E_MATERIAL_TYPEEi
0x4e16f0	6	_ZThn24_N5daisy5video10CVideoNull35addHighLevelShaderMaterialFromFilesEPKcS3_N2ox5video20E_VERTEX_SHADER_TYPEES3_S3_NS5_19E_PIXEL_SHADER_TYPEEPNS5_26IShaderConstantSetCallBackENS5_15E_MATERIAL_TYPEEi	slot _ZTVN5daisy5video10CVideoNullE+0x3b0; jmp _ZN5daisy5video10CVideoNull35addHighLevelShaderMaterialFromFilesEPKcS3_N2ox5video20E_VERTEX_SHADER_TYPEES3_S3_NS5_19E_PIXEL_SHADER_TYPEEPNS5_26IShaderConstantSetCallBackENS5_15E_MATERIAL_TYPEEi
0x4e18e0	6	_ZThn24_N5daisy5video10CVideoNull28addCgShaderMaterialFromFilesEPKcS3_S3_S3_PN2ox5video26IShaderConstantSetCallBackENS5_15E_MATERIAL_TYPEEbi	slot _ZTVN5daisy5video10CVideoNullE+0x3e0; jmp _ZN5daisy5video10CVideoNull28addCgShaderMaterialFromFilesEPKcS3_S3_S3_PN2ox5video26IShaderConstantSetCallBackENS5_15E_MATERIAL_TYPEEbi
0x4e1ac0	6	_ZThn32_N5daisy5video10CVideoNull15setInputTextureEiPN2ox5video8ITextureE	slot _ZTVN5daisy5video10CVideoNullE+0x438; jmp _ZN5daisy5video10CVideoNull15setInputTextureEiPN2ox5video8ITextureE
0x4e1b70	6	_ZThn32_N5daisy5video10CVideoNull18allocatePPSurfacesEj	slot _ZTVN5daisy5video10CVideoNullE+0x400; jmp _ZN5daisy5video10CVideoNull18allocatePPSurfacesEj
0x4eb310	9	_ZThn274888_N5daisy5video12CVideoOpenGL23setVertexShaderConstantEPKfii	slot _ZTVN5daisy5video12CVideoOpenGLE+0x4a0; jmp _ZN5daisy5video12CVideoOpenGL23setVertexShaderConstantEPKfii
0x4eb370	9	_ZThn274888_N5daisy5video12CVideoOpenGL22setPixelShaderConstantEPKfii	slot _ZTVN5daisy5video12CVideoOpenGLE+0x4b0; jmp _ZN5daisy5video12CVideoOpenGL22setPixelShaderConstantEPKfii
0x4eb3d0	9	_ZThn274888_N5daisy5video12CVideoOpenGL23setVertexShaderConstantEPKcPKfi	slot _ZTVN5daisy5video12CVideoOpenGLE+0x498; jmp _ZN5daisy5video12CVideoOpenGL23setVertexShaderConstantEPKcPKfi
0x4eb3f0	9	_ZThn274888_N5daisy5video12CVideoOpenGL14getVideoDriverEv	slot _ZTVN5daisy5video12CVideoOpenGLE+0x4b8; jmp _ZN5daisy5video12CVideoOpenGL14getVideoDriverEv
0x4eb440	6	_ZThn32_N5daisy5video12CVideoOpenGL19captureScreenBufferEjRKN2ox4core5CRectIiEE	slot _ZTVN5daisy5video12CVideoOpenGLE+0x448; jmp _ZN5daisy5video12CVideoOpenGL19captureScreenBufferEjRKN2ox4core5CRectIiEE
0x4eb6d0	6	_ZThn24_N5daisy5video12CVideoOpenGL19addCgShaderMaterialEPKcS3_S3_S3_PN2ox5video26IShaderConstantSetCallBackENS5_15E_MATERIAL_TYPEEbi	slot _ZTVN5daisy5video12CVideoOpenGLE+0x408; jmp _ZN5daisy5video12CVideoOpenGL19addCgShaderMaterialEPKcS3_S3_S3_PN2ox5video26IShaderConstantSetCallBackENS5_15E_MATERIAL_TYPEEbi
0x4eb810	9	_ZThn274888_N5daisy5video12CVideoOpenGL22setPixelShaderConstantEPKcPKfi	slot _ZTVN5daisy5video12CVideoOpenGLE+0x4a8; jmp _ZN5daisy5video12CVideoOpenGL22setPixelShaderConstantEPKcPKfi
0x4ec4b0	9	_ZThn274888_N5daisy5video12CVideoOpenGL20setBasicRenderStatesERKN2ox5video9SMaterialES6_b	slot _ZTVN5daisy5video12CVideoOpenGLE+0x490; jmp _ZN5daisy5video12CVideoOpenGL20setBasicRenderStatesERKN2ox5video9SMaterialES6_b
0x4edbf0	9	_ZThn274888_N5daisy5video12CVideoOpenGLD0Ev	slot _ZTVN5daisy5video12CVideoOpenGLE+0x488; jmp _ZN5daisy5video12CVideoOpenGLD0Ev
0x4edcb0	6	_ZThn24_N5daisy5video12CVideoOpenGL26addHighLevelShaderMaterialEPKcS3_N2ox5video20E_VERTEX_SHADER_TYPEES3_S3_NS5_19E_PIXEL_SHADER_TYPEEPNS5_26IShaderConstantSetCallBackENS5_15E_MATERIAL_TYPEEi	slot _ZTVN5daisy5video12CVideoOpenGLE+0x3d8; jmp _ZN5daisy5video12CVideoOpenGL26addHighLevelShaderMaterialEPKcS3_N2ox5video20E_VERTEX_SHADER_TYPEES3_S3_NS5_19E_PIXEL_SHADER_TYPEEPNS5_26IShaderConstantSetCallBackENS5_15E_MATERIAL_TYPEEi
0x4eddd0	6	_ZThn24_N5daisy5video12CVideoOpenGL17addShaderMaterialEPKcS3_PN2ox5video26IShaderConstantSetCallBackENS5_15E_MATERIAL_TYPEEi	slot _ZTVN5daisy5video12CVideoOpenGLE+0x3f0; jmp _ZN5daisy5video12CVideoOpenGL17addShaderMaterialEPKcS3_PN2ox5video26IShaderConstantSetCallBackENS5_15E_MATERIAL_TYPEEi
0x4ef7c0	9	_ZThn274888_N5daisy5video12CVideoOpenGLD1Ev	slot _ZTVN5daisy5video12CVideoOpenGLE+0x480; jmp _ZN5daisy5video12CVideoOpenGLD1Ev
0x4facc0	6	_ZThn48_N5daisy3gui15CGUIEnvironment7OnEventERKN2ox5event6SEventE	slot _ZTVN5daisy3gui15CGUIEnvironmentE+0x310; jmp _ZN5daisy3gui15CGUIEnvironment7OnEventERKN2ox5event6SEventE
0x4facd0	6	_ZThn24_N5daisy3gui15CGUIEnvironment7OnEventERKN2ox5event6SEventE	slot _ZTVN5daisy3gui15CGUIEnvironmentE+0x290; jmp _ZN5daisy3gui15CGUIEnvironment7OnEventERKN2ox5event6SEventE
0x4fb420	6	_ZThn48_N5daisy3gui15CGUIEnvironmentD0Ev	slot _ZTVN5daisy3gui15CGUIEnvironmentE+0x320; jmp _ZN5daisy3gui15CGUIEnvironmentD0Ev
0x4fb430	6	_ZThn24_N5daisy3gui15CGUIEnvironmentD0Ev	slot _ZTVN5daisy3gui15CGUIEnvironmentE+0x1b0; jmp _ZN5daisy3gui15CGUIEnvironmentD0Ev
0x4fd980	6	_ZThn24_N5daisy3gui15CGUIEnvironment8addChildEPN2ox3gui11IGUIElementE	slot _ZTVN5daisy3gui15CGUIEnvironmentE+0x1d0; jmp _ZN5daisy3gui15CGUIEnvironment8addChildEPN2ox3gui11IGUIElementE
0x4fe520	6	_ZThn48_N5daisy3gui15CGUIEnvironmentD1Ev	slot _ZTVN5daisy3gui15CGUIEnvironmentE+0x318; jmp _ZN5daisy3gui15CGUIEnvironmentD1Ev
0x4fe530	6	_ZThn24_N5daisy3gui15CGUIEnvironmentD1Ev	slot _ZTVN5daisy3gui15CGUIEnvironmentE+0x1a8; jmp _ZN5daisy3gui15CGUIEnvironmentD1Ev
0x4febf0	6	_ZThn24_N2ox3gui11IGUIElement7OnEventERKNS_5event6SEventE	slot _ZTVN2ox3gui10IGUILayoutE+0x178; jmp _ZN2ox3gui11IGUIElement7OnEventERKNS_5event6SEventE
0x5045a0	6	_ZThn24_N2ox3gui10IGUILayoutD0Ev	slot _ZTVN2ox3gui10IGUILayoutE+0x188; jmp _ZN2ox3gui10IGUILayoutD0Ev
0x5045e0	6	_ZThn24_N2ox3gui10IGUILayoutD1Ev	slot _ZTVN2ox3gui10IGUILayoutE+0x180; jmp _ZN2ox3gui10IGUILayoutD1Ev
0x504630	6	_ZThn24_N2ox3gui15IGUIHoverParentD0Ev	slot _ZTVN2ox3gui15IGUIHoverParentE+0x158; jmp _ZN2ox3gui15IGUIHoverParentD0Ev
0x5046d0	6	_ZThn24_N2ox3gui15IGUIHoverParentD1Ev	slot _ZTVN2ox3gui15IGUIHoverParentE+0x150; jmp _ZN2ox3gui15IGUIHoverParentD1Ev
0x504bb0	6	_ZThn24_N5daisy3gui15CGUIEnvironment11removeChildEPN2ox3gui11IGUIElementE	slot _ZTVN5daisy3gui15CGUIEnvironmentE+0x1d8; jmp _ZN5daisy3gui15CGUIEnvironment11removeChildEPN2ox3gui11IGUIElementE
0x505090	6	_ZThn24_N5daisy3gui18CGUIFileOpenDialogD0Ev	slot _ZTVN5daisy3gui18CGUIFileOpenDialogE+0x160; jmp _ZN5daisy3gui18CGUIFileOpenDialogD0Ev
0x5052b0	6	_ZThn24_N5daisy3gui18CGUIFileOpenDialogD1Ev	slot _ZTVN5daisy3gui18CGUIFileOpenDialogE+0x158; jmp _ZN5daisy3gui18CGUIFileOpenDialogD1Ev
0x507620	6	_ZThn24_N5daisy3gui18CGUIFileOpenDialog7OnEventERKN2ox5event6SEventE	slot _ZTVN5daisy3gui18CGUIFileOpenDialogE+0x150; jmp _ZN5daisy3gui18CGUIFileOpenDialog7OnEventERKN2ox5event6SEventE
0x507ee0	6	_ZThn24_N2ox3gui18IGUIFileOpenDialogD0Ev	slot _ZTVN2ox3gui18IGUIFileOpenDialogE+0x160; jmp _ZN2ox3gui18IGUIFileOpenDialogD0Ev
0x508050	6	_ZThn24_N2ox3gui18IGUIFileOpenDialogD1Ev	slot _ZTVN2ox3gui18IGUIFileOpenDialogE+0x158; jmp _ZN2ox3gui18IGUIFileOpenDialogD1Ev
0x509d80	6	_ZThn24_N5daisy3gui9CGUIImageD0Ev	slot _ZTVN5daisy3gui9CGUIImageE+0x170; jmp _ZN5daisy3gui9CGUIImageD0Ev
0x509f60	6	_ZThn24_N5daisy3gui9CGUIImageD1Ev	slot _ZTVN5daisy3gui9CGUIImageE+0x168; jmp _ZN5daisy3gui9CGUIImageD1Ev
0x50a130	6	_ZThn24_N2ox3gui9IGUIImageD1Ev	slot _ZTVN2ox3gui9IGUIImageE+0x168; jmp _ZN2ox3gui9IGUIImageD1Ev
0x50a2a0	6	_ZThn24_N2ox3gui9IGUIImageD0Ev	slot _ZTVN2ox3gui9IGUIImageE+0x170; jmp _ZN2ox3gui9IGUIImageD0Ev
0x50adb0	6	_ZThn24_N5daisy3gui14CGUIInOutFaderD0Ev	slot _ZTVN5daisy3gui14CGUIInOutFaderE+0x180; jmp _ZN5daisy3gui14CGUIInOutFaderD0Ev
0x50af20	6	_ZThn24_N5daisy3gui14CGUIInOutFaderD1Ev	slot _ZTVN5daisy3gui14CGUIInOutFaderE+0x178; jmp _ZN5daisy3gui14CGUIInOutFaderD1Ev
0x50b1f0	6	_ZThn24_N2ox3gui14IGUIInOutFaderD1Ev	slot _ZTVN2ox3gui14IGUIInOutFaderE+0x178; jmp _ZN2ox3gui14IGUIInOutFaderD1Ev
0x50b360	6	_ZThn24_N2ox3gui14IGUIInOutFaderD0Ev	slot _ZTVN2ox3gui14IGUIInOutFaderE+0x180; jmp _ZN2ox3gui14IGUIInOutFaderD0Ev
0x50c440	6	_ZThn24_N5daisy3gui11CGUIListBox7OnEventERKN2ox5event6SEventE	slot _ZTVN5daisy3gui11CGUIListBoxE+0x1c8; jmp _ZN5daisy3gui11CGUIListBox7OnEventERKN2ox5event6SEventE
0x50d760	6	_ZThn24_N5daisy3gui11CGUIListBoxD0Ev	slot _ZTVN5daisy3gui11CGUIListBoxE+0x1d8; jmp _ZN5daisy3gui11CGUIListBoxD0Ev
0x50d960	6	_ZThn24_N5daisy3gui11CGUIListBoxD1Ev	slot _ZTVN5daisy3gui11CGUIListBoxE+0x1d0; jmp _ZN5daisy3gui11CGUIListBoxD1Ev
0x50e390	6	_ZThn24_N2ox3gui11IGUIListBoxD0Ev	slot _ZTVN2ox3gui11IGUIListBoxE+0x1d0; jmp _ZN2ox3gui11IGUIListBoxD0Ev
0x50e500	6	_ZThn24_N2ox3gui11IGUIListBoxD1Ev	slot _ZTVN2ox3gui11IGUIListBoxE+0x1c8; jmp _ZN2ox3gui11IGUIListBoxD1Ev
0x50ee80	6	_ZThn24_N5daisy3gui8CGUIMenu7OnEventERKN2ox5event6SEventE	slot _ZTVN5daisy3gui8CGUIMenuE+0x1d8; jmp _ZN5daisy3gui8CGUIMenu7OnEventERKN2ox5event6SEventE
0x50f190	6	_ZThn24_N5daisy3gui8CGUIMenuD0Ev	slot _ZTVN5daisy3gui8CGUIMenuE+0x1e8; jmp _ZN5daisy3gui8CGUIMenuD0Ev
0x50f1d0	6	_ZThn24_N5daisy3gui8CGUIMenuD1Ev	slot _ZTVN5daisy3gui8CGUIMenuE+0x1e0; jmp _ZN5daisy3gui8CGUIMenuD1Ev
0x50f310	6	_ZThn24_N5daisy3gui14CGUIMeshViewer7OnEventERKN2ox5event6SEventE	slot _ZTVN5daisy3gui14CGUIMeshViewerE+0x160; jmp _ZN5daisy3gui14CGUIMeshViewer7OnEventERKN2ox5event6SEventE
0x510270	6	_ZThn24_N5daisy3gui14CGUIMeshViewerD0Ev	slot _ZTVN5daisy3gui14CGUIMeshViewerE+0x170; jmp _ZN5daisy3gui14CGUIMeshViewerD0Ev
0x510430	6	_ZThn24_N5daisy3gui14CGUIMeshViewerD1Ev	slot _ZTVN5daisy3gui14CGUIMeshViewerE+0x168; jmp _ZN5daisy3gui14CGUIMeshViewerD1Ev
0x5105f0	6	_ZThn24_N2ox3gui14IGUIMeshViewerD1Ev	slot _ZTVN2ox3gui14IGUIMeshViewerE+0x168; jmp _ZN2ox3gui14IGUIMeshViewerD1Ev
0x510760	6	_ZThn24_N2ox3gui14IGUIMeshViewerD0Ev	slot _ZTVN2ox3gui14IGUIMeshViewerE+0x170; jmp _ZN2ox3gui14IGUIMeshViewerD0Ev
0x5109e0	6	_ZThn24_N5daisy3gui14CGUIMessageBox7OnEventERKN2ox5event6SEventE	slot _ZTVN5daisy3gui14CGUIMessageBoxE+0x198; jmp _ZN5daisy3gui14CGUIMessageBox7OnEventERKN2ox5event6SEventE
0x510aa0	6	_ZThn24_N5daisy3gui14CGUIMessageBoxD1Ev	slot _ZTVN5daisy3gui14CGUIMessageBoxE+0x1a0; jmp _ZN5daisy3gui14CGUIMessageBoxD1Ev
0x510bb0	6	_ZThn24_N5daisy3gui14CGUIMessageBoxD0Ev	slot _ZTVN5daisy3gui14CGUIMessageBoxE+0x1a8; jmp _ZN5daisy3gui14CGUIMessageBoxD0Ev
0x511ad0	6	_ZThn24_N5daisy3gui15CGUIModalScreen7OnEventERKN2ox5event6SEventE	slot _ZTVN5daisy3gui15CGUIModalScreenE+0x180; jmp _ZN5daisy3gui15CGUIModalScreen7OnEventERKN2ox5event6SEventE
0x5123e0	6	_ZThn24_N5daisy3gui15CGUIModalScreenD0Ev	slot _ZTVN5daisy3gui15CGUIModalScreenE+0x190; jmp _ZN5daisy3gui15CGUIModalScreenD0Ev
0x512550	6	_ZThn24_N5daisy3gui15CGUIModalScreenD1Ev	slot _ZTVN5daisy3gui15CGUIModalScreenE+0x188; jmp _ZN5daisy3gui15CGUIModalScreenD1Ev
0x512820	6	_ZThn24_N2ox3gui15IGUIModalScreenD1Ev	slot _ZTVN2ox3gui15IGUIModalScreenE+0x188; jmp _ZN2ox3gui15IGUIModalScreenD1Ev
0x512990	6	_ZThn24_N2ox3gui15IGUIModalScreenD0Ev	slot _ZTVN2ox3gui15IGUIModalScreenE+0x190; jmp _ZN2ox3gui15IGUIModalScreenD0Ev
0x512c00	6	_ZThn24_N5daisy3gui13CGUIPopupMenu7OnEventERKN2ox5event6SEventE	slot _ZTVN5daisy3gui13CGUIPopupMenuE+0x158; jmp _ZN5daisy3gui13CGUIPopupMenu7OnEventERKN2ox5event6SEventE
0x513ae0	6	_ZThn24_N5daisy3gui13CGUIPopupMenuD0Ev	slot _ZTVN5daisy3gui13CGUIPopupMenuE+0x168; jmp _ZN5daisy3gui13CGUIPopupMenuD0Ev
0x513c50	6	_ZThn24_N5daisy3gui13CGUIPopupMenuD1Ev	slot _ZTVN5daisy3gui13CGUIPopupMenuE+0x160; jmp _ZN5daisy3gui13CGUIPopupMenuD1Ev
0x513f20	6	_ZThn24_N2ox3gui13IGUIPopupMenuD0Ev	slot _ZTVN2ox3gui13IGUIPopupMenuE+0x168; jmp _ZN2ox3gui13IGUIPopupMenuD0Ev
0x514090	6	_ZThn24_N2ox3gui13IGUIPopupMenuD1Ev	slot _ZTVN2ox3gui13IGUIPopupMenuE+0x160; jmp _ZN2ox3gui13IGUIPopupMenuD1Ev
0x514200	6	_ZThn24_N5daisy3gui13CGUIRadioList7OnEventERKN2ox5event6SEventE	slot _ZTVN5daisy3gui13CGUIRadioListE+0x178; jmp _ZN5daisy3gui13CGUIRadioList7OnEventERKN2ox5event6SEventE
0x514f60	6	_ZThn24_N5daisy3gui13CGUIRadioListD0Ev	slot _ZTVN5daisy3gui13CGUIRadioListE+0x188; jmp _ZN5daisy3gui13CGUIRadioListD0Ev
0x515190	6	_ZThn24_N5daisy3gui13CGUIRadioListD1Ev	slot _ZTVN5daisy3gui13CGUIRadioListE+0x180; jmp _ZN5daisy3gui13CGUIRadioListD1Ev
0x515780	6	_ZThn24_N2ox3gui13IGUIRadioListD0Ev	slot _ZTVN2ox3gui13IGUIRadioListE+0x188; jmp _ZN2ox3gui13IGUIRadioListD0Ev
0x5158f0	6	_ZThn24_N2ox3gui13IGUIRadioListD1Ev	slot _ZTVN2ox3gui13IGUIRadioListE+0x180; jmp _ZN2ox3gui13IGUIRadioListD1Ev
0x515e00	6	_ZThn24_N5daisy3gui13CGUIScrollBar7OnEventERKN2ox5event6SEventE	slot _ZTVN5daisy3gui13CGUIScrollBarE+0x180; jmp _ZN5daisy3gui13CGUIScrollBar7OnEventERKN2ox5event6SEventE
0x516bd0	6	_ZThn24_N5daisy3gui13CGUIScrollBarD0Ev	slot _ZTVN5daisy3gui13CGUIScrollBarE+0x190; jmp _ZN5daisy3gui13CGUIScrollBarD0Ev
0x516dd0	6	_ZThn24_N5daisy3gui13CGUIScrollBarD1Ev	slot _ZTVN5daisy3gui13CGUIScrollBarE+0x188; jmp _ZN5daisy3gui13CGUIScrollBarD1Ev
0x518e30	6	_ZThn24_N2ox3gui13IGUIScrollBarD0Ev	slot _ZTVN2ox3gui13IGUIScrollBarE+0x190; jmp _ZN2ox3gui13IGUIScrollBarD0Ev
0x518fa0	6	_ZThn24_N2ox3gui13IGUIScrollBarD1Ev	slot _ZTVN2ox3gui13IGUIScrollBarE+0x188; jmp _ZN2ox3gui13IGUIScrollBarD1Ev
0x51af70	6	_ZThn24_N5daisy3gui14CGUIStaticTextD0Ev	slot _ZTVN5daisy3gui14CGUIStaticTextE+0x1b8; jmp _ZN5daisy3gui14CGUIStaticTextD0Ev
0x51b1c0	6	_ZThn24_N5daisy3gui14CGUIStaticTextD1Ev	slot _ZTVN5daisy3gui14CGUIStaticTextE+0x1b0; jmp _ZN5daisy3gui14CGUIStaticTextD1Ev
0x51d080	6	_ZThn24_N2ox3gui14IGUIStaticTextD1Ev	slot _ZTVN2ox3gui14IGUIStaticTextE+0x1b0; jmp _ZN2ox3gui14IGUIStaticTextD1Ev
0x51d1f0	6	_ZThn24_N2ox3gui14IGUIStaticTextD0Ev	slot _ZTVN2ox3gui14IGUIStaticTextE+0x1b8; jmp _ZN2ox3gui14IGUIStaticTextD0Ev
0x51d5c0	6	_ZThn24_N5daisy3gui14CGUITabControl7OnEventERKN2ox5event6SEventE	slot _ZTVN5daisy3gui14CGUITabControlE+0x180; jmp _ZN5daisy3gui14CGUITabControl7OnEventERKN2ox5event6SEventE
0x51e190	6	_ZThn24_N5daisy3gui16CGUITabButtonRow7OnEventERKN2ox5event6SEventE	slot _ZTVN5daisy3gui16CGUITabButtonRowE+0x198; jmp _ZN5daisy3gui16CGUITabButtonRow7OnEventERKN2ox5event6SEventE
0x51e550	6	_ZThn24_N5daisy3gui7CGUITabD0Ev	slot _ZTVN5daisy3gui7CGUITabE+0x1a8; jmp _ZN5daisy3gui7CGUITabD0Ev
0x51e590	6	_ZThn24_N5daisy3gui7CGUITabD1Ev	slot _ZTVN5daisy3gui7CGUITabE+0x1a0; jmp _ZN5daisy3gui7CGUITabD1Ev
0x51edf0	6	_ZThn24_N5daisy3gui14CGUITabControlD0Ev	slot _ZTVN5daisy3gui14CGUITabControlE+0x190; jmp _ZN5daisy3gui14CGUITabControlD0Ev
0x51ef20	6	_ZThn24_N5daisy3gui16CGUITabButtonRowD1Ev	slot _ZTVN5daisy3gui16CGUITabButtonRowE+0x1a0; jmp _ZN5daisy3gui16CGUITabButtonRowD1Ev
0x51eff0	6	_ZThn24_N5daisy3gui14CGUITabControlD1Ev	slot _ZTVN5daisy3gui14CGUITabControlE+0x188; jmp _ZN5daisy3gui14CGUITabControlD1Ev
0x5220e0	6	_ZThn24_N5daisy3gui16CGUITabButtonRowD0Ev	slot _ZTVN5daisy3gui16CGUITabButtonRowE+0x1a8; jmp _ZN5daisy3gui16CGUITabButtonRowD0Ev
0x522690	6	_ZThn24_N2ox3gui14IGUITabControlD0Ev	slot _ZTVN2ox3gui14IGUITabControlE+0x190; jmp _ZN2ox3gui14IGUITabControlD0Ev
0x5226d0	6	_ZThn24_N2ox3gui14IGUITabControlD1Ev	slot _ZTVN2ox3gui14IGUITabControlE+0x188; jmp _ZN2ox3gui14IGUITabControlD1Ev
0x522700	6	_ZThn24_N2ox3gui7IGUITabD0Ev	slot _ZTVN2ox3gui7IGUITabE+0x1a0; jmp _ZN2ox3gui7IGUITabD0Ev
0x522740	6	_ZThn24_N2ox3gui7IGUITabD1Ev	slot _ZTVN2ox3gui7IGUITabE+0x198; jmp _ZN2ox3gui7IGUITabD1Ev
0x522ab0	6	_ZThn24_N2ox3gui16IGUITabButtonRowD0Ev	slot _ZTVN2ox3gui16IGUITabButtonRowE+0x1a8; jmp _ZN2ox3gui16IGUITabButtonRowD0Ev
0x522c20	6	_ZThn24_N2ox3gui16IGUITabButtonRowD1Ev	slot _ZTVN2ox3gui16IGUITabButtonRowE+0x1a0; jmp _ZN2ox3gui16IGUITabButtonRowD1Ev
0x523890	6	_ZThn24_N5daisy3gui11CGUIToolBarD0Ev	slot _ZTVN5daisy3gui11CGUIToolBarE+0x160; jmp _ZN5daisy3gui11CGUIToolBarD0Ev
0x523a00	6	_ZThn24_N5daisy3gui11CGUIToolBarD1Ev	slot _ZTVN5daisy3gui11CGUIToolBarE+0x158; jmp _ZN5daisy3gui11CGUIToolBarD1Ev
0x523cd0	6	_ZThn24_N2ox3gui11IGUIToolBarD0Ev	slot _ZTVN2ox3gui11IGUIToolBarE+0x160; jmp _ZN2ox3gui11IGUIToolBarD0Ev
0x523e40	6	_ZThn24_N2ox3gui11IGUIToolBarD1Ev	slot _ZTVN2ox3gui11IGUIToolBarE+0x158; jmp _ZN2ox3gui11IGUIToolBarD1Ev
0x523fb0	6	_ZThn24_N5daisy3gui10CGUIWindow7OnEventERKN2ox5event6SEventE	slot _ZTVN5daisy3gui10CGUIWindowE+0x198; jmp _ZN5daisy3gui10CGUIWindow7OnEventERKN2ox5event6SEventE
0x524960	6	_ZThn24_N5daisy3gui19CGUIDetachableFrame7OnEventERKN2ox5event6SEventE	slot _ZTVN5daisy3gui19CGUIDetachableFrameE+0x1d0; jmp _ZN5daisy3gui19CGUIDetachableFrame7OnEventERKN2ox5event6SEventE
0x525290	6	_ZThn24_N5daisy3gui10CGUIWindowD0Ev	slot _ZTVN5daisy3gui10CGUIWindowE+0x1a8; jmp _ZN5daisy3gui10CGUIWindowD0Ev
0x5253a0	6	_ZThn24_N5daisy3gui10CGUIWindowD1Ev	slot _ZTVN5daisy3gui10CGUIWindowE+0x1a0; jmp _ZN5daisy3gui10CGUIWindowD1Ev
0x529b00	6	_ZThn24_N5daisy3gui19CGUIDetachableFrameD0Ev	slot _ZTVN5daisy3gui19CGUIDetachableFrameE+0x1e0; jmp _ZN5daisy3gui19CGUIDetachableFrameD0Ev
0x529c10	6	_ZThn24_N5daisy3gui19CGUIDetachableFrameD1Ev	slot _ZTVN5daisy3gui19CGUIDetachableFrameE+0x1d8; jmp _ZN5daisy3gui19CGUIDetachableFrameD1Ev
0x52ab70	6	_ZThn24_N2ox3gui19IGUIDetachableFrameD0Ev	slot _ZTVN2ox3gui19IGUIDetachableFrameE+0x1e0; jmp _ZN2ox3gui19IGUIDetachableFrameD0Ev
0x52abb0	6	_ZThn24_N2ox3gui19IGUIDetachableFrameD1Ev	slot _ZTVN2ox3gui19IGUIDetachableFrameE+0x1d8; jmp _ZN2ox3gui19IGUIDetachableFrameD1Ev
0x52ac00	6	_ZThn24_N2ox3gui10IGUIWindowD0Ev	slot _ZTVN2ox3gui10IGUIWindowE+0x1a8; jmp _ZN2ox3gui10IGUIWindowD0Ev
0x52b270	6	_ZThn24_N2ox3gui10IGUIWindowD1Ev	slot _ZTVN2ox3gui10IGUIWindowE+0x1a0; jmp _ZN2ox3gui10IGUIWindowD1Ev
0x54e0d0	9	_ZThn216_N5daisy5scene19CCameraFPSSceneNode7OnEventERKN2ox5event6SEventE	slot _ZTVN5daisy5scene19CCameraFPSSceneNodeE+0x1c8; jmp _ZN5daisy5scene19CCameraFPSSceneNode7OnEventERKN2ox5event6SEventE
0x54f6c0	9	_ZThn216_N5daisy5scene19CCameraFPSSceneNodeD0Ev	slot _ZTVN5daisy5scene19CCameraFPSSceneNodeE+0x1d8; jmp _ZN5daisy5scene19CCameraFPSSceneNodeD0Ev
0x54f760	9	_ZThn216_N5daisy5scene19CCameraFPSSceneNodeD1Ev	slot _ZTVN5daisy5scene19CCameraFPSSceneNodeE+0x1d0; jmp _ZN5daisy5scene19CCameraFPSSceneNodeD1Ev
0x54ffe0	9	_ZThn216_N5daisy5scene20CCameraMayaSceneNode7OnEventERKN2ox5event6SEventE	slot _ZTVN5daisy5scene20CCameraMayaSceneNodeE+0x1c8; jmp _ZN5daisy5scene20CCameraMayaSceneNode7OnEventERKN2ox5event6SEventE
0x5501a0	9	_ZThn216_N5daisy5scene20CCameraMayaSceneNodeD0Ev	slot _ZTVN5daisy5scene20CCameraMayaSceneNodeE+0x1d8; jmp _ZN5daisy5scene20CCameraMayaSceneNodeD0Ev
0x5501e0	9	_ZThn216_N5daisy5scene20CCameraMayaSceneNodeD1Ev	slot _ZTVN5daisy5scene20CCameraMayaSceneNodeE+0x1d0; jmp _ZN5daisy5scene20CCameraMayaSceneNodeD1Ev
0x551860	9	_ZThn216_N5daisy5scene16CCameraSceneNode7OnEventERKN2ox5event6SEventE	slot _ZTVN5daisy5scene16CCameraSceneNodeE+0x1c8; jmp _ZN5daisy5scene16CCameraSceneNode7OnEventERKN2ox5event6SEventE
0x555d60	9	_ZThn216_N5daisy5scene16CCameraSceneNodeD0Ev	slot _ZTVN5daisy5scene16CCameraSceneNodeE+0x1d8; jmp _ZN5daisy5scene16CCameraSceneNodeD0Ev
0x555f20	9	_ZThn216_N5daisy5scene16CCameraSceneNodeD1Ev	slot _ZTVN5daisy5scene16CCameraSceneNodeE+0x1d0; jmp _ZN5daisy5scene16CCameraSceneNodeD1Ev
0x556270	9	_ZThn216_N2ox5scene16ICameraSceneNodeD1Ev	slot _ZTVN2ox5scene16ICameraSceneNodeE+0x1c8; jmp _ZN2ox5scene16ICameraSceneNodeD1Ev
0x5565c0	9	_ZThn216_N2ox5scene16ICameraSceneNodeD0Ev	slot _ZTVN2ox5scene16ICameraSceneNodeE+0x1d0; jmp _ZN2ox5scene16ICameraSceneNodeD0Ev
0x5a87b0	6	_ZThn24_N5daisy5video25COpenGLCGMaterialRendererD1Ev	slot _ZTVN5daisy5video25COpenGLCGMaterialRendererE+0x90; jmp _ZN5daisy5video25COpenGLCGMaterialRendererD1Ev
0x5a8800	6	_ZThn24_N5daisy5video25COpenGLCGMaterialRendererD0Ev	slot _ZTVN5daisy5video25COpenGLCGMaterialRendererE+0x98; jmp _ZN5daisy5video25COpenGLCGMaterialRendererD0Ev
0x5a8ad0	6	_ZThn24_N5daisy5video25COpenGLSLMaterialRenderer20setBasicRenderStatesERKN2ox5video9SMaterialES6_b	slot _ZTVN5daisy5video25COpenGLSLMaterialRendererE+0x90; jmp _ZN5daisy5video25COpenGLSLMaterialRenderer20setBasicRenderStatesERKN2ox5video9SMaterialES6_b
0x5a8b00	6	_ZThn24_N5daisy5video25COpenGLSLMaterialRenderer23setVertexShaderConstantEPKcPKfi	slot _ZTVN5daisy5video25COpenGLSLMaterialRendererE+0x98; jmp _ZN5daisy5video25COpenGLSLMaterialRenderer23setVertexShaderConstantEPKcPKfi
0x5a8b20	6	_ZThn24_N5daisy5video25COpenGLSLMaterialRenderer14getVideoDriverEv	slot _ZTVN5daisy5video25COpenGLSLMaterialRendererE+0xb8; jmp _ZN5daisy5video25COpenGLSLMaterialRenderer14getVideoDriverEv
0x5a8b70	6	_ZThn24_N5daisy5video25COpenGLSLMaterialRenderer22setPixelShaderConstantEPKfii	slot _ZTVN5daisy5video25COpenGLSLMaterialRendererE+0xb0; jmp _ZN5daisy5video25COpenGLSLMaterialRenderer22setPixelShaderConstantEPKfii
0x5a8b90	6	_ZThn24_N5daisy5video25COpenGLSLMaterialRenderer23setVertexShaderConstantEPKfii	slot _ZTVN5daisy5video25COpenGLSLMaterialRendererE+0xa0; jmp _ZN5daisy5video25COpenGLSLMaterialRenderer23setVertexShaderConstantEPKfii
0x5a8e20	6	_ZThn24_N5daisy5video25COpenGLSLMaterialRenderer22setPixelShaderConstantEPKcPKfi	slot _ZTVN5daisy5video25COpenGLSLMaterialRendererE+0xa8; jmp _ZN5daisy5video25COpenGLSLMaterialRenderer22setPixelShaderConstantEPKcPKfi
0x5a9130	6	_ZThn24_N5daisy5video25COpenGLSLMaterialRendererD0Ev	slot _ZTVN5daisy5video25COpenGLSLMaterialRendererE+0x88; jmp _ZN5daisy5video25COpenGLSLMaterialRendererD0Ev
0x5a9270	6	_ZThn24_N5daisy5video25COpenGLSLMaterialRendererD1Ev	slot _ZTVN5daisy5video25COpenGLSLMaterialRendererE+0x80; jmp _ZN5daisy5video25COpenGLSLMaterialRendererD1Ev
0x5b4db0	6	_ZThn24_N5daisy3gui10CGUIButton7OnEventERKN2ox5event6SEventE	slot _ZTVN5daisy3gui10CGUIButtonE+0x180; jmp _ZN5daisy3gui10CGUIButton7OnEventERKN2ox5event6SEventE
0x5b5160	6	_ZThn24_N5daisy3gui14CGUITextButton7OnEventERKN2ox5event6SEventE	slot _ZTVN5daisy3gui14CGUITextButtonE+0x150; jmp _ZN5daisy3gui14CGUITextButton7OnEventERKN2ox5event6SEventE
0x5b7a20	6	_ZThn24_N5daisy3gui10CGUIButtonD0Ev	slot _ZTVN5daisy3gui10CGUIButtonE+0x190; jmp _ZN5daisy3gui10CGUIButtonD0Ev
0x5b7eb0	6	_ZThn24_N5daisy3gui10CGUIButtonD1Ev	slot _ZTVN5daisy3gui10CGUIButtonE+0x188; jmp _ZN5daisy3gui10CGUIButtonD1Ev
0x5b8090	6	_ZThn24_N5daisy3gui14CGUITextButtonD0Ev	slot _ZTVN5daisy3gui14CGUITextButtonE+0x160; jmp _ZN5daisy3gui14CGUITextButtonD0Ev
0x5b8280	6	_ZThn24_N5daisy3gui14CGUITextButtonD1Ev	slot _ZTVN5daisy3gui14CGUITextButtonE+0x158; jmp _ZN5daisy3gui14CGUITextButtonD1Ev
0x5b8460	6	_ZThn24_N2ox3gui14IGUITextButtonD0Ev	slot _ZTVN2ox3gui14IGUITextButtonE+0x160; jmp _ZN2ox3gui14IGUITextButtonD0Ev
0x5b85d0	6	_ZThn24_N2ox3gui14IGUITextButtonD1Ev	slot _ZTVN2ox3gui14IGUITextButtonE+0x158; jmp _ZN2ox3gui14IGUITextButtonD1Ev
0x5b8740	6	_ZThn24_N2ox3gui10IGUIButtonD0Ev	slot _ZTVN2ox3gui10IGUIButtonE+0x190; jmp _ZN2ox3gui10IGUIButtonD0Ev
0x5b88b0	6	_ZThn24_N2ox3gui10IGUIButtonD1Ev	slot _ZTVN2ox3gui10IGUIButtonE+0x188; jmp _ZN2ox3gui10IGUIButtonD1Ev
0x5b8a20	6	_ZThn24_N5daisy3gui12CGUICheckBox7OnEventERKN2ox5event6SEventE	slot _ZTVN5daisy3gui12CGUICheckBoxE+0x178; jmp _ZN5daisy3gui12CGUICheckBox7OnEventERKN2ox5event6SEventE
0x5ba060	6	_ZThn24_N5daisy3gui12CGUICheckBoxD0Ev	slot _ZTVN5daisy3gui12CGUICheckBoxE+0x188; jmp _ZN5daisy3gui12CGUICheckBoxD0Ev
0x5ba220	6	_ZThn24_N5daisy3gui12CGUICheckBoxD1Ev	slot _ZTVN5daisy3gui12CGUICheckBoxE+0x180; jmp _ZN5daisy3gui12CGUICheckBoxD1Ev
0x5ba3e0	6	_ZThn24_N2ox3gui12IGUICheckBoxD0Ev	slot _ZTVN2ox3gui12IGUICheckBoxE+0x188; jmp _ZN2ox3gui12IGUICheckBoxD0Ev
0x5ba550	6	_ZThn24_N2ox3gui12IGUICheckBoxD1Ev	slot _ZTVN2ox3gui12IGUICheckBoxE+0x180; jmp _ZN2ox3gui12IGUICheckBoxD1Ev
0x5ba6c0	6	_ZThn24_N5daisy3gui10CClickArea7OnEventERKN2ox5event6SEventE	slot _ZTVN5daisy3gui10CClickAreaE+0x178; jmp _ZN5daisy3gui10CClickArea7OnEventERKN2ox5event6SEventE
0x5bae20	6	_ZThn24_N5daisy3gui10CClickAreaD0Ev	slot _ZTVN5daisy3gui10CClickAreaE+0x188; jmp _ZN5daisy3gui10CClickAreaD0Ev
0x5baf90	6	_ZThn24_N5daisy3gui10CClickAreaD1Ev	slot _ZTVN5daisy3gui10CClickAreaE+0x180; jmp _ZN5daisy3gui10CClickAreaD1Ev
0x5bb260	6	_ZThn24_N2ox3gui13IGUIClickAreaD1Ev	slot _ZTVN2ox3gui13IGUIClickAreaE+0x180; jmp _ZN2ox3gui13IGUIClickAreaD1Ev
0x5bb3d0	6	_ZThn24_N2ox3gui13IGUIClickAreaD0Ev	slot _ZTVN2ox3gui13IGUIClickAreaE+0x188; jmp _ZN2ox3gui13IGUIClickAreaD0Ev
0x5bb940	6	_ZThn24_N5daisy3gui12CGUIComboBox7OnEventERKN2ox5event6SEventE	slot _ZTVN5daisy3gui12CGUIComboBoxE+0x180; jmp _ZN5daisy3gui12CGUIComboBox7OnEventERKN2ox5event6SEventE
0x5bcfc0	6	_ZThn24_N5daisy3gui12CGUIComboBoxD0Ev	slot _ZTVN5daisy3gui12CGUIComboBoxE+0x190; jmp _ZN5daisy3gui12CGUIComboBoxD0Ev
0x5bd1e0	6	_ZThn24_N5daisy3gui12CGUIComboBoxD1Ev	slot _ZTVN5daisy3gui12CGUIComboBoxE+0x188; jmp _ZN5daisy3gui12CGUIComboBoxD1Ev
0x5bd610	6	_ZThn24_N2ox3gui12IGUIComboBoxD0Ev	slot _ZTVN2ox3gui12IGUIComboBoxE+0x190; jmp _ZN2ox3gui12IGUIComboBoxD0Ev
0x5bd780	6	_ZThn24_N2ox3gui12IGUIComboBoxD1Ev	slot _ZTVN2ox3gui12IGUIComboBoxE+0x188; jmp _ZN2ox3gui12IGUIComboBoxD1Ev
0x5bda10	6	_ZThn24_N5daisy3gui15CGUIContextMenu7OnEventERKN2ox5event6SEventE	slot _ZTVN5daisy3gui15CGUIContextMenuE+0x1d8; jmp _ZN5daisy3gui15CGUIContextMenu7OnEventERKN2ox5event6SEventE
0x5bf870	6	_ZThn24_N5daisy3gui15CGUIContextMenuD0Ev	slot _ZTVN5daisy3gui15CGUIContextMenuE+0x1e8; jmp _ZN5daisy3gui15CGUIContextMenuD0Ev
0x5bfae0	6	_ZThn24_N5daisy3gui15CGUIContextMenuD1Ev	slot _ZTVN5daisy3gui15CGUIContextMenuE+0x1e0; jmp _ZN5daisy3gui15CGUIContextMenuD1Ev
0x5c0070	6	_ZThn24_N2ox3gui15IGUIContextMenuD1Ev	slot _ZTVN2ox3gui15IGUIContextMenuE+0x1b8; jmp _ZN2ox3gui15IGUIContextMenuD1Ev
0x5c01e0	6	_ZThn24_N2ox3gui15IGUIContextMenuD0Ev	slot _ZTVN2ox3gui15IGUIContextMenuE+0x1c0; jmp _ZN2ox3gui15IGUIContextMenuD0Ev
0x5c2010	6	_ZThn24_N5daisy3gui11CGUIEditBoxD0Ev	slot _ZTVN5daisy3gui11CGUIEditBoxE+0x1a0; jmp _ZN5daisy3gui11CGUIEditBoxD0Ev
0x5c2210	6	_ZThn24_N5daisy3gui11CGUIEditBoxD1Ev	slot _ZTVN5daisy3gui11CGUIEditBoxE+0x198; jmp _ZN5daisy3gui11CGUIEditBoxD1Ev
0x5c4a80	6	_ZThn24_N5daisy3gui11CGUIEditBox7OnEventERKN2ox5event6SEventE	slot _ZTVN5daisy3gui11CGUIEditBoxE+0x190; jmp _ZN5daisy3gui11CGUIEditBox7OnEventERKN2ox5event6SEventE
0x5c6250	6	_ZThn24_N2ox3gui11IGUIEditBoxD1Ev	slot _ZTVN2ox3gui11IGUIEditBoxE+0x198; jmp _ZN2ox3gui11IGUIEditBoxD1Ev
0x5c63c0	6	_ZThn24_N2ox3gui11IGUIEditBoxD0Ev	slot _ZTVN2ox3gui11IGUIEditBoxE+0x1a0; jmp _ZN2ox3gui11IGUIEditBoxD0Ev
0x5c9510	6	_ZThn24_N5daisy5scene16CAnimatedMeshMD213getMeshBufferEi	slot _ZTVN5daisy5scene16CAnimatedMeshMD2E+0x100; jmp _ZN5daisy5scene16CAnimatedMeshMD213getMeshBufferEi
0x5c9530	6	_ZThn48_NK5daisy5scene16CAnimatedMeshMD211getMaterialEv	slot _ZTVN5daisy5scene16CAnimatedMeshMD2E+0x148; jmp _ZNK5daisy5scene16CAnimatedMeshMD211getMaterialEv
0x5c9550	6	_ZThn48_N5daisy5scene16CAnimatedMeshMD211getMaterialEv	slot _ZTVN5daisy5scene16CAnimatedMeshMD2E+0x140; jmp _ZN5daisy5scene16CAnimatedMeshMD211getMaterialEv
0x5c9570	6	_ZThn48_NK5daisy5scene16CAnimatedMeshMD211getVerticesEv	slot _ZTVN5daisy5scene16CAnimatedMeshMD2E+0x158; jmp _ZNK5daisy5scene16CAnimatedMeshMD211getVerticesEv
0x5c9590	6	_ZThn48_N5daisy5scene16CAnimatedMeshMD211getVerticesEv	slot _ZTVN5daisy5scene16CAnimatedMeshMD2E+0x160; jmp _ZN5daisy5scene16CAnimatedMeshMD211getVerticesEv
0x5c95b0	6	_ZThn48_NK5daisy5scene16CAnimatedMeshMD213getVertexTypeEv	slot _ZTVN5daisy5scene16CAnimatedMeshMD2E+0x150; jmp _ZNK5daisy5scene16CAnimatedMeshMD213getVertexTypeEv
0x5c95d0	6	_ZThn48_NK5daisy5scene16CAnimatedMeshMD214getVertexCountEv	slot _ZTVN5daisy5scene16CAnimatedMeshMD2E+0x168; jmp _ZNK5daisy5scene16CAnimatedMeshMD214getVertexCountEv
0x5c9600	6	_ZThn48_NK5daisy5scene16CAnimatedMeshMD210getIndicesEv	slot _ZTVN5daisy5scene16CAnimatedMeshMD2E+0x170; jmp _ZNK5daisy5scene16CAnimatedMeshMD210getIndicesEv
0x5c9620	6	_ZThn48_N5daisy5scene16CAnimatedMeshMD210getIndicesEv	slot _ZTVN5daisy5scene16CAnimatedMeshMD2E+0x178; jmp _ZN5daisy5scene16CAnimatedMeshMD210getIndicesEv
0x5c9640	6	_ZThn48_NK5daisy5scene16CAnimatedMeshMD213getIndexCountEv	slot _ZTVN5daisy5scene16CAnimatedMeshMD2E+0x180; jmp _ZNK5daisy5scene16CAnimatedMeshMD213getIndexCountEv
0x5c9660	6	_ZThn24_N5daisy5scene16CAnimatedMeshMD218getMeshBufferCountEv	slot _ZTVN5daisy5scene16CAnimatedMeshMD2E+0xf8; jmp _ZN5daisy5scene16CAnimatedMeshMD218getMeshBufferCountEv
0x5c9a50	6	_ZThn24_N5daisy5scene16CAnimatedMeshMD215setMaterialFlagEN2ox5video15E_MATERIAL_FLAGEb	slot _ZTVN5daisy5scene16CAnimatedMeshMD2E+0x118; jmp _ZN5daisy5scene16CAnimatedMeshMD215setMaterialFlagEN2ox5video15E_MATERIAL_FLAGEb
0x5c9a70	6	_ZThn48_NK5daisy5scene16CAnimatedMeshMD214getBoundingBoxEv	slot _ZTVN5daisy5scene16CAnimatedMeshMD2E+0x188; jmp _ZNK5daisy5scene16CAnimatedMeshMD214getBoundingBoxEv
0x5c9a80	6	_ZThn24_NK5daisy5scene16CAnimatedMeshMD214getBoundingBoxEv	slot _ZTVN5daisy5scene16CAnimatedMeshMD2E+0x108; jmp _ZNK5daisy5scene16CAnimatedMeshMD214getBoundingBoxEv
0x5c9aa0	6	_ZThn48_N5daisy5scene16CAnimatedMeshMD214getBoundingBoxEv	slot _ZTVN5daisy5scene16CAnimatedMeshMD2E+0x190; jmp _ZN5daisy5scene16CAnimatedMeshMD214getBoundingBoxEv
0x5c9ab0	6	_ZThn24_N5daisy5scene16CAnimatedMeshMD214getBoundingBoxEv	slot _ZTVN5daisy5scene16CAnimatedMeshMD2E+0x110; jmp _ZN5daisy5scene16CAnimatedMeshMD214getBoundingBoxEv
0x5c9f10	6	_ZThn48_N5daisy5scene16CAnimatedMeshMD2D0Ev	slot _ZTVN5daisy5scene16CAnimatedMeshMD2E+0x138; jmp _ZN5daisy5scene16CAnimatedMeshMD2D0Ev
0x5c9f20	6	_ZThn24_N5daisy5scene16CAnimatedMeshMD2D0Ev	slot _ZTVN5daisy5scene16CAnimatedMeshMD2E+0xf0; jmp _ZN5daisy5scene16CAnimatedMeshMD2D0Ev
0x5ca110	6	_ZThn48_N5daisy5scene16CAnimatedMeshMD2D1Ev	slot _ZTVN5daisy5scene16CAnimatedMeshMD2E+0x130; jmp _ZN5daisy5scene16CAnimatedMeshMD2D1Ev
0x5ca120	6	_ZThn24_N5daisy5scene16CAnimatedMeshMD2D1Ev	slot _ZTVN5daisy5scene16CAnimatedMeshMD2E+0xe8; jmp _ZN5daisy5scene16CAnimatedMeshMD2D1Ev
0x5cbe00	6	_ZThn24_N5daisy5scene17CAnimatedMeshMS3D18getMeshBufferCountEv	slot _ZTVN5daisy5scene17CAnimatedMeshMS3DE+0xf0; jmp _ZN5daisy5scene17CAnimatedMeshMS3D18getMeshBufferCountEv
0x5cbe20	6	_ZThn24_N5daisy5scene17CAnimatedMeshMS3D13getMeshBufferEi	slot _ZTVN5daisy5scene17CAnimatedMeshMS3DE+0xf8; jmp _ZN5daisy5scene17CAnimatedMeshMS3D13getMeshBufferEi
0x5cbe40	6	_ZThn48_NK5daisy5scene17CAnimatedMeshMS3D11getMaterialEv	slot _ZTVN5daisy5scene17CAnimatedMeshMS3DE+0x140; jmp _ZNK5daisy5scene17CAnimatedMeshMS3D11getMaterialEv
0x5cbe60	6	_ZThn48_N5daisy5scene17CAnimatedMeshMS3D11getMaterialEv	slot _ZTVN5daisy5scene17CAnimatedMeshMS3DE+0x138; jmp _ZN5daisy5scene17CAnimatedMeshMS3D11getMaterialEv
0x5cbe80	6	_ZThn48_NK5daisy5scene17CAnimatedMeshMS3D11getVerticesEv	slot _ZTVN5daisy5scene17CAnimatedMeshMS3DE+0x150; jmp _ZNK5daisy5scene17CAnimatedMeshMS3D11getVerticesEv
0x5cbea0	6	_ZThn48_N5daisy5scene17CAnimatedMeshMS3D11getVerticesEv	slot _ZTVN5daisy5scene17CAnimatedMeshMS3DE+0x158; jmp _ZN5daisy5scene17CAnimatedMeshMS3D11getVerticesEv
0x5cbec0	6	_ZThn48_NK5daisy5scene17CAnimatedMeshMS3D13getVertexTypeEv	slot _ZTVN5daisy5scene17CAnimatedMeshMS3DE+0x148; jmp _ZNK5daisy5scene17CAnimatedMeshMS3D13getVertexTypeEv
0x5cbee0	6	_ZThn48_NK5daisy5scene17CAnimatedMeshMS3D14getVertexCountEv	slot _ZTVN5daisy5scene17CAnimatedMeshMS3DE+0x160; jmp _ZNK5daisy5scene17CAnimatedMeshMS3D14getVertexCountEv
0x5cbf20	6	_ZThn48_NK5daisy5scene17CAnimatedMeshMS3D10getIndicesEv	slot _ZTVN5daisy5scene17CAnimatedMeshMS3DE+0x168; jmp _ZNK5daisy5scene17CAnimatedMeshMS3D10getIndicesEv
0x5cbf40	6	_ZThn48_N5daisy5scene17CAnimatedMeshMS3D10getIndicesEv	slot _ZTVN5daisy5scene17CAnimatedMeshMS3DE+0x170; jmp _ZN5daisy5scene17CAnimatedMeshMS3D10getIndicesEv
0x5cbf60	6	_ZThn48_NK5daisy5scene17CAnimatedMeshMS3D13getIndexCountEv	slot _ZTVN5daisy5scene17CAnimatedMeshMS3DE+0x178; jmp _ZNK5daisy5scene17CAnimatedMeshMS3D13getIndexCountEv
0x5cbf90	6	_ZThn48_NK5daisy5scene17CAnimatedMeshMS3D14getBoundingBoxEv	slot _ZTVN5daisy5scene17CAnimatedMeshMS3DE+0x180; jmp _ZNK5daisy5scene17CAnimatedMeshMS3D14getBoundingBoxEv
0x5cbfa0	6	_ZThn24_NK5daisy5scene17CAnimatedMeshMS3D14getBoundingBoxEv	slot _ZTVN5daisy5scene17CAnimatedMeshMS3DE+0x100; jmp _ZNK5daisy5scene17CAnimatedMeshMS3D14getBoundingBoxEv
0x5cbfc0	6	_ZThn48_N5daisy5scene17CAnimatedMeshMS3D14getBoundingBoxEv	slot _ZTVN5daisy5scene17CAnimatedMeshMS3DE+0x188; jmp _ZN5daisy5scene17CAnimatedMeshMS3D14getBoundingBoxEv
0x5cbfd0	6	_ZThn24_N5daisy5scene17CAnimatedMeshMS3D14getBoundingBoxEv	slot _ZTVN5daisy5scene17CAnimatedMeshMS3DE+0x108; jmp _ZN5daisy5scene17CAnimatedMeshMS3D14getBoundingBoxEv
0x5cbff0	6	_ZThn24_N5daisy5scene17CAnimatedMeshMS3D15setMaterialFlagEN2ox5video15E_MATERIAL_FLAGEb	slot _ZTVN5daisy5scene17CAnimatedMeshMS3DE+0x110; jmp _ZN5daisy5scene17CAnimatedMeshMS3D15setMaterialFlagEN2ox5video15E_MATERIAL_FLAGEb
0x5cd370	6	_ZThn48_N5daisy5scene17CAnimatedMeshMS3DD1Ev	slot _ZTVN5daisy5scene17CAnimatedMeshMS3DE+0x128; jmp _ZN5daisy5scene17CAnimatedMeshMS3DD1Ev
0x5cd380	6	_ZThn24_N5daisy5scene17CAnimatedMeshMS3DD1Ev	slot _ZTVN5daisy5scene17CAnimatedMeshMS3DE+0xe0; jmp _ZN5daisy5scene17CAnimatedMeshMS3DD1Ev
0x5cef60	6	_ZThn48_N5daisy5scene17CAnimatedMeshMS3DD0Ev	slot _ZTVN5daisy5scene17CAnimatedMeshMS3DE+0x130; jmp _ZN5daisy5scene17CAnimatedMeshMS3DD0Ev
0x5cef70	6	_ZThn24_N5daisy5scene17CAnimatedMeshMS3DD0Ev	slot _ZTVN5daisy5scene17CAnimatedMeshMS3DE+0xe8; jmp _ZN5daisy5scene17CAnimatedMeshMS3DD0Ev
0x5d60e0	6	_ZThn24_N5daisy5video19CCGMaterialRenderer20setBasicRenderStatesERKN2ox5video9SMaterialES6_b	slot _ZTVN5daisy5video25COpenGLCGMaterialRendererE+0xa0; jmp _ZN5daisy5video19CCGMaterialRenderer20setBasicRenderStatesERKN2ox5video9SMaterialES6_b
0x5d6100	6	_ZThn24_N5daisy5video19CCGMaterialRenderer14getVideoDriverEv	slot _ZTVN5daisy5video25COpenGLCGMaterialRendererE+0xc8; jmp _ZN5daisy5video19CCGMaterialRenderer14getVideoDriverEv
0x5d6150	6	_ZThn24_N5daisy5video19CCGMaterialRenderer22setPixelShaderConstantEPKfii	slot _ZTVN5daisy5video25COpenGLCGMaterialRendererE+0xc0; jmp _ZN5daisy5video19CCGMaterialRenderer22setPixelShaderConstantEPKfii
0x5d6170	6	_ZThn24_N5daisy5video19CCGMaterialRenderer23setVertexShaderConstantEPKfii	slot _ZTVN5daisy5video25COpenGLCGMaterialRendererE+0xb0; jmp _ZN5daisy5video19CCGMaterialRenderer23setVertexShaderConstantEPKfii
0x5d6210	6	_ZThn24_N5daisy5video19CCGMaterialRendererD0Ev	slot _ZTVN5daisy5video19CCGMaterialRendererE+0x98; jmp _ZN5daisy5video19CCGMaterialRendererD0Ev
0x5d62a0	6	_ZThn24_N5daisy5video19CCGMaterialRendererD1Ev	slot _ZTVN5daisy5video19CCGMaterialRendererE+0x90; jmp _ZN5daisy5video19CCGMaterialRendererD1Ev
0x5d82b0	6	_ZThn24_N5daisy5video19CCGMaterialRenderer22setPixelShaderConstantEPKcPKfi	slot _ZTVN5daisy5video25COpenGLCGMaterialRendererE+0xb8; jmp _ZN5daisy5video19CCGMaterialRenderer22setPixelShaderConstantEPKcPKfi
0x5d82d0	6	_ZThn24_N5daisy5video19CCGMaterialRenderer23setVertexShaderConstantEPKcPKfi	slot _ZTVN5daisy5video25COpenGLCGMaterialRendererE+0xa8; jmp _ZN5daisy5video19CCGMaterialRenderer23setVertexShaderConstantEPKcPKfi
0x5eacb0	6	_ZThn24_N2ox3gui11IGUIElementD1Ev	slot _ZTVN2ox3gui11IGUIElementE+0x150; jmp _ZN2ox3gui11IGUIElementD1Ev
0x5eae20	6	_ZThn24_N2ox3gui11IGUIElementD0Ev	slot _ZTVN2ox3gui11IGUIElementE+0x158; jmp _ZN2ox3gui11IGUIElementD0Ev
